--
-- PostgreSQL database dump
--

-- Dumped from database version 12.17 (Ubuntu 12.17-1.pgdg22.04+1)
-- Dumped by pg_dump version 12.17 (Ubuntu 12.17-1.pgdg22.04+1)

SET statement_timeout = 0;
SET lock_timeout = 0;
SET idle_in_transaction_session_timeout = 0;
SET client_encoding = 'UTF8';
SET standard_conforming_strings = on;
SELECT pg_catalog.set_config('search_path', '', false);
SET check_function_bodies = false;
SET xmloption = content;
SET client_min_messages = warning;
SET row_security = off;

DROP DATABASE universe;
--
-- Name: universe; Type: DATABASE; Schema: -; Owner: freecodecamp
--

CREATE DATABASE universe WITH TEMPLATE = template0 ENCODING = 'UTF8' LC_COLLATE = 'C.UTF-8' LC_CTYPE = 'C.UTF-8';


ALTER DATABASE universe OWNER TO freecodecamp;

\connect universe

SET statement_timeout = 0;
SET lock_timeout = 0;
SET idle_in_transaction_session_timeout = 0;
SET client_encoding = 'UTF8';
SET standard_conforming_strings = on;
SELECT pg_catalog.set_config('search_path', '', false);
SET check_function_bodies = false;
SET xmloption = content;
SET client_min_messages = warning;
SET row_security = off;

SET default_tablespace = '';

SET default_table_access_method = heap;

--
-- Name: galaxy; Type: TABLE; Schema: public; Owner: freecodecamp
--

CREATE TABLE public.galaxy (
    galaxy_id integer NOT NULL,
    name character varying(100) NOT NULL,
    type text NOT NULL,
    age_in_millions_of_years integer,
    has_life boolean NOT NULL,
    is_visible boolean NOT NULL
);


ALTER TABLE public.galaxy OWNER TO freecodecamp;

--
-- Name: galaxy_galaxy_id_seq; Type: SEQUENCE; Schema: public; Owner: freecodecamp
--

CREATE SEQUENCE public.galaxy_galaxy_id_seq
    AS integer
    START WITH 1
    INCREMENT BY 1
    NO MINVALUE
    NO MAXVALUE
    CACHE 1;


ALTER TABLE public.galaxy_galaxy_id_seq OWNER TO freecodecamp;

--
-- Name: galaxy_galaxy_id_seq; Type: SEQUENCE OWNED BY; Schema: public; Owner: freecodecamp
--

ALTER SEQUENCE public.galaxy_galaxy_id_seq OWNED BY public.galaxy.galaxy_id;


--
-- Name: moon; Type: TABLE; Schema: public; Owner: freecodecamp
--

CREATE TABLE public.moon (
    moon_id integer NOT NULL,
    name character varying(100) NOT NULL,
    planet_id integer,
    radius_km integer,
    has_water boolean NOT NULL,
    is_geologically_active boolean
);


ALTER TABLE public.moon OWNER TO freecodecamp;

--
-- Name: moon_moon_id_seq; Type: SEQUENCE; Schema: public; Owner: freecodecamp
--

CREATE SEQUENCE public.moon_moon_id_seq
    AS integer
    START WITH 1
    INCREMENT BY 1
    NO MINVALUE
    NO MAXVALUE
    CACHE 1;


ALTER TABLE public.moon_moon_id_seq OWNER TO freecodecamp;

--
-- Name: moon_moon_id_seq; Type: SEQUENCE OWNED BY; Schema: public; Owner: freecodecamp
--

ALTER SEQUENCE public.moon_moon_id_seq OWNED BY public.moon.moon_id;


--
-- Name: planet; Type: TABLE; Schema: public; Owner: freecodecamp
--

CREATE TABLE public.planet (
    planet_id integer NOT NULL,
    name character varying(100) NOT NULL,
    star_id integer,
    diameter_km integer NOT NULL,
    supports_life boolean NOT NULL,
    has_moons boolean
);


ALTER TABLE public.planet OWNER TO freecodecamp;

--
-- Name: planet_planet_id_seq; Type: SEQUENCE; Schema: public; Owner: freecodecamp
--

CREATE SEQUENCE public.planet_planet_id_seq
    AS integer
    START WITH 1
    INCREMENT BY 1
    NO MINVALUE
    NO MAXVALUE
    CACHE 1;


ALTER TABLE public.planet_planet_id_seq OWNER TO freecodecamp;

--
-- Name: planet_planet_id_seq; Type: SEQUENCE OWNED BY; Schema: public; Owner: freecodecamp
--

ALTER SEQUENCE public.planet_planet_id_seq OWNED BY public.planet.planet_id;


--
-- Name: space_station; Type: TABLE; Schema: public; Owner: freecodecamp
--

CREATE TABLE public.space_station (
    space_station_id integer NOT NULL,
    name character varying(100) NOT NULL,
    galaxy_id integer,
    crew_capacity integer NOT NULL,
    is_operational boolean NOT NULL,
    notes text
);


ALTER TABLE public.space_station OWNER TO freecodecamp;

--
-- Name: space_station_space_station_id_seq; Type: SEQUENCE; Schema: public; Owner: freecodecamp
--

CREATE SEQUENCE public.space_station_space_station_id_seq
    AS integer
    START WITH 1
    INCREMENT BY 1
    NO MINVALUE
    NO MAXVALUE
    CACHE 1;


ALTER TABLE public.space_station_space_station_id_seq OWNER TO freecodecamp;

--
-- Name: space_station_space_station_id_seq; Type: SEQUENCE OWNED BY; Schema: public; Owner: freecodecamp
--

ALTER SEQUENCE public.space_station_space_station_id_seq OWNED BY public.space_station.space_station_id;


--
-- Name: star; Type: TABLE; Schema: public; Owner: freecodecamp
--

CREATE TABLE public.star (
    star_id integer NOT NULL,
    name character varying(100) NOT NULL,
    galaxy_id integer,
    mass numeric(10,2),
    is_active boolean NOT NULL,
    has_planets boolean NOT NULL
);


ALTER TABLE public.star OWNER TO freecodecamp;

--
-- Name: star_star_id_seq; Type: SEQUENCE; Schema: public; Owner: freecodecamp
--

CREATE SEQUENCE public.star_star_id_seq
    AS integer
    START WITH 1
    INCREMENT BY 1
    NO MINVALUE
    NO MAXVALUE
    CACHE 1;


ALTER TABLE public.star_star_id_seq OWNER TO freecodecamp;

--
-- Name: star_star_id_seq; Type: SEQUENCE OWNED BY; Schema: public; Owner: freecodecamp
--

ALTER SEQUENCE public.star_star_id_seq OWNED BY public.star.star_id;


--
-- Name: galaxy galaxy_id; Type: DEFAULT; Schema: public; Owner: freecodecamp
--

ALTER TABLE ONLY public.galaxy ALTER COLUMN galaxy_id SET DEFAULT nextval('public.galaxy_galaxy_id_seq'::regclass);


--
-- Name: moon moon_id; Type: DEFAULT; Schema: public; Owner: freecodecamp
--

ALTER TABLE ONLY public.moon ALTER COLUMN moon_id SET DEFAULT nextval('public.moon_moon_id_seq'::regclass);


--
-- Name: planet planet_id; Type: DEFAULT; Schema: public; Owner: freecodecamp
--

ALTER TABLE ONLY public.planet ALTER COLUMN planet_id SET DEFAULT nextval('public.planet_planet_id_seq'::regclass);


--
-- Name: space_station space_station_id; Type: DEFAULT; Schema: public; Owner: freecodecamp
--

ALTER TABLE ONLY public.space_station ALTER COLUMN space_station_id SET DEFAULT nextval('public.space_station_space_station_id_seq'::regclass);


--
-- Name: star star_id; Type: DEFAULT; Schema: public; Owner: freecodecamp
--

ALTER TABLE ONLY public.star ALTER COLUMN star_id SET DEFAULT nextval('public.star_star_id_seq'::regclass);


--
-- Data for Name: galaxy; Type: TABLE DATA; Schema: public; Owner: freecodecamp
--

INSERT INTO public.galaxy VALUES (1, 'Milky Way', 'Spiral', 13600, true, true);
INSERT INTO public.galaxy VALUES (2, 'Andromeda', 'Spiral', 10100, false, true);
INSERT INTO public.galaxy VALUES (3, 'Whirlpool', 'Spiral', 8000, false, true);
INSERT INTO public.galaxy VALUES (4, 'Sombrero', 'Elliptical', 9000, false, false);
INSERT INTO public.galaxy VALUES (5, 'Pinwheel', 'Spiral', 7000, false, true);
INSERT INTO public.galaxy VALUES (6, 'Black Eye', 'Spiral', 6900, false, false);


--
-- Data for Name: moon; Type: TABLE DATA; Schema: public; Owner: freecodecamp
--

INSERT INTO public.moon VALUES (21, 'Moon', 1, 1737, false, false);
INSERT INTO public.moon VALUES (22, 'Phobos', 2, 11, false, false);
INSERT INTO public.moon VALUES (23, 'Deimos', 2, 6, false, false);
INSERT INTO public.moon VALUES (24, 'Europa', 1, 1561, true, true);
INSERT INTO public.moon VALUES (25, 'Ganymede', 1, 2634, true, true);
INSERT INTO public.moon VALUES (26, 'Io', 1, 1821, false, true);
INSERT INTO public.moon VALUES (27, 'Callisto', 1, 2410, false, false);
INSERT INTO public.moon VALUES (28, 'Alpha Moon', 4, 1000, false, false);
INSERT INTO public.moon VALUES (29, 'Beta Moon', 4, 900, false, false);
INSERT INTO public.moon VALUES (30, 'Charon', 3, 606, false, false);
INSERT INTO public.moon VALUES (31, 'Titan', 1, 2575, true, true);
INSERT INTO public.moon VALUES (32, 'Triton', 6, 1353, false, false);
INSERT INTO public.moon VALUES (33, 'Dione', 2, 561, false, false);
INSERT INTO public.moon VALUES (34, 'Rhea', 2, 764, false, false);
INSERT INTO public.moon VALUES (35, 'Iapetus', 2, 734, false, false);
INSERT INTO public.moon VALUES (36, 'Miranda', 3, 236, false, false);
INSERT INTO public.moon VALUES (37, 'Oberon', 4, 761, false, false);
INSERT INTO public.moon VALUES (38, 'Umbriel', 5, 584, false, false);
INSERT INTO public.moon VALUES (39, 'Ariel', 6, 578, false, false);
INSERT INTO public.moon VALUES (40, 'Titania', 5, 789, false, false);


--
-- Data for Name: planet; Type: TABLE DATA; Schema: public; Owner: freecodecamp
--

INSERT INTO public.planet VALUES (1, 'Earth', 1, 12742, true, true);
INSERT INTO public.planet VALUES (2, 'Mars', 1, 6779, false, true);
INSERT INTO public.planet VALUES (3, 'Venus', 1, 12104, false, false);
INSERT INTO public.planet VALUES (4, 'Kepler-22b', 4, 26000, false, true);
INSERT INTO public.planet VALUES (5, 'Gliese 581d', 2, 14000, false, true);
INSERT INTO public.planet VALUES (6, 'HD 209458 b', 3, 143000, false, false);
INSERT INTO public.planet VALUES (7, 'Proxima b', 2, 12000, false, false);
INSERT INTO public.planet VALUES (8, 'Alpha b', 4, 15000, true, true);
INSERT INTO public.planet VALUES (9, 'Beta c', 5, 20000, false, false);
INSERT INTO public.planet VALUES (10, 'Gamma d', 6, 13000, false, false);
INSERT INTO public.planet VALUES (11, 'Delta e', 6, 9000, false, true);
INSERT INTO public.planet VALUES (12, 'Zeta f', 6, 7000, false, false);


--
-- Data for Name: space_station; Type: TABLE DATA; Schema: public; Owner: freecodecamp
--

INSERT INTO public.space_station VALUES (1, 'ISS', 1, 6, true, 'Orbiting Earth');
INSERT INTO public.space_station VALUES (2, 'Deep Space Nine', 2, 1000, false, 'Fictional Star Trek station');
INSERT INTO public.space_station VALUES (3, 'Halo Ring', 3, 12000, false, 'Massive weaponized installation');


--
-- Data for Name: star; Type: TABLE DATA; Schema: public; Owner: freecodecamp
--

INSERT INTO public.star VALUES (1, 'Sun', 1, 1.00, true, true);
INSERT INTO public.star VALUES (2, 'Proxima Centauri', 1, 0.12, true, true);
INSERT INTO public.star VALUES (3, 'Sirius', 1, 2.02, true, true);
INSERT INTO public.star VALUES (4, 'Alpha Centauri A', 2, 1.10, true, true);
INSERT INTO public.star VALUES (5, 'Betelgeuse', 2, 20.00, true, false);
INSERT INTO public.star VALUES (6, 'Vega', 3, 2.10, true, true);


--
-- Name: galaxy_galaxy_id_seq; Type: SEQUENCE SET; Schema: public; Owner: freecodecamp
--

SELECT pg_catalog.setval('public.galaxy_galaxy_id_seq', 6, true);


--
-- Name: moon_moon_id_seq; Type: SEQUENCE SET; Schema: public; Owner: freecodecamp
--

SELECT pg_catalog.setval('public.moon_moon_id_seq', 40, true);


--
-- Name: planet_planet_id_seq; Type: SEQUENCE SET; Schema: public; Owner: freecodecamp
--

SELECT pg_catalog.setval('public.planet_planet_id_seq', 12, true);


--
-- Name: space_station_space_station_id_seq; Type: SEQUENCE SET; Schema: public; Owner: freecodecamp
--

SELECT pg_catalog.setval('public.space_station_space_station_id_seq', 3, true);


--
-- Name: star_star_id_seq; Type: SEQUENCE SET; Schema: public; Owner: freecodecamp
--

SELECT pg_catalog.setval('public.star_star_id_seq', 6, true);


--
-- Name: galaxy galaxy_name_key; Type: CONSTRAINT; Schema: public; Owner: freecodecamp
--

ALTER TABLE ONLY public.galaxy
    ADD CONSTRAINT galaxy_name_key UNIQUE (name);


--
-- Name: galaxy galaxy_pkey; Type: CONSTRAINT; Schema: public; Owner: freecodecamp
--

ALTER TABLE ONLY public.galaxy
    ADD CONSTRAINT galaxy_pkey PRIMARY KEY (galaxy_id);


--
-- Name: moon moon_name_key; Type: CONSTRAINT; Schema: public; Owner: freecodecamp
--

ALTER TABLE ONLY public.moon
    ADD CONSTRAINT moon_name_key UNIQUE (name);


--
-- Name: moon moon_pkey; Type: CONSTRAINT; Schema: public; Owner: freecodecamp
--

ALTER TABLE ONLY public.moon
    ADD CONSTRAINT moon_pkey PRIMARY KEY (moon_id);


--
-- Name: planet planet_name_key; Type: CONSTRAINT; Schema: public; Owner: freecodecamp
--

ALTER TABLE ONLY public.planet
    ADD CONSTRAINT planet_name_key UNIQUE (name);


--
-- Name: planet planet_pkey; Type: CONSTRAINT; Schema: public; Owner: freecodecamp
--

ALTER TABLE ONLY public.planet
    ADD CONSTRAINT planet_pkey PRIMARY KEY (planet_id);


--
-- Name: space_station space_station_name_key; Type: CONSTRAINT; Schema: public; Owner: freecodecamp
--

ALTER TABLE ONLY public.space_station
    ADD CONSTRAINT space_station_name_key UNIQUE (name);


--
-- Name: space_station space_station_pkey; Type: CONSTRAINT; Schema: public; Owner: freecodecamp
--

ALTER TABLE ONLY public.space_station
    ADD CONSTRAINT space_station_pkey PRIMARY KEY (space_station_id);


--
-- Name: star star_name_key; Type: CONSTRAINT; Schema: public; Owner: freecodecamp
--

ALTER TABLE ONLY public.star
    ADD CONSTRAINT star_name_key UNIQUE (name);


--
-- Name: star star_pkey; Type: CONSTRAINT; Schema: public; Owner: freecodecamp
--

ALTER TABLE ONLY public.star
    ADD CONSTRAINT star_pkey PRIMARY KEY (star_id);


--
-- Name: moon moon_planet_id_fkey; Type: FK CONSTRAINT; Schema: public; Owner: freecodecamp
--

ALTER TABLE ONLY public.moon
    ADD CONSTRAINT moon_planet_id_fkey FOREIGN KEY (planet_id) REFERENCES public.planet(planet_id);


--
-- Name: planet planet_star_id_fkey; Type: FK CONSTRAINT; Schema: public; Owner: freecodecamp
--

ALTER TABLE ONLY public.planet
    ADD CONSTRAINT planet_star_id_fkey FOREIGN KEY (star_id) REFERENCES public.star(star_id);


--
-- Name: space_station space_station_galaxy_id_fkey; Type: FK CONSTRAINT; Schema: public; Owner: freecodecamp
--

ALTER TABLE ONLY public.space_station
    ADD CONSTRAINT space_station_galaxy_id_fkey FOREIGN KEY (galaxy_id) REFERENCES public.galaxy(galaxy_id);


--
-- Name: star star_galaxy_id_fkey; Type: FK CONSTRAINT; Schema: public; Owner: freecodecamp
--

ALTER TABLE ONLY public.star
    ADD CONSTRAINT star_galaxy_id_fkey FOREIGN KEY (galaxy_id) REFERENCES public.galaxy(galaxy_id);


--
-- PostgreSQL database dump complete
--

